"","Team","Time","Status","SpellNumber","NewlyPromoted","year1","2001/02","2002/03","2003/04","2004/05","2005/06","2006/07","2007/08","2008/09","2009/10","2010/11","2011/12","2012/13","2013/14","2014/15","2015/16","2016/17","2017/18","2018/19","2019/20"
"1","Manchester United",20,0,1,0,1,3,1,3,3,2,1,1,1,2,1,2,1,7,4,5,6,2,6,3
"2","Arsenal",20,0,1,0,2,1,2,1,2,4,4,3,4,3,4,3,4,4,3,2,5,6,5,8
"3","Liverpool",20,0,1,0,3,2,5,4,5,3,3,4,2,7,6,8,7,2,6,8,4,4,2,1
"4","Leeds United",4,1,1,0,4,5,15,19,NA,NA,NA,NA,NA,NA,NA,NA,NA,NA,NA,NA,NA,NA,NA,NA
"5","Ipswich Town",2,1,1,1,5,18,NA,NA,NA,NA,NA,NA,NA,NA,NA,NA,NA,NA,NA,NA,NA,NA,NA,NA
"6","Chelsea",20,0,1,0,6,6,4,2,1,1,2,2,3,1,2,6,3,3,1,10,1,5,3,4
"7","Sunderland",3,1,1,0,7,17,20,NA,NA,NA,NA,NA,NA,NA,NA,NA,NA,NA,NA,NA,NA,NA,NA,NA
"8","Sunderland",1,1,2,1,20,NA,NA,NA,NA,NA,NA,NA,NA,NA,NA,NA,NA,NA,NA,NA,NA,NA,NA,NA
"9","Sunderland",10,1,3,1,15,16,13,10,13,17,14,16,17,20,NA,NA,NA,NA,NA,NA,NA,NA,NA,NA
"10","Aston Villa",16,1,1,0,8,8,16,6,10,16,11,6,6,6,9,16,15,15,17,20,NA,NA,NA,NA
"11","Aston Villa",1,0,2,1,17,NA,NA,NA,NA,NA,NA,NA,NA,NA,NA,NA,NA,NA,NA,NA,NA,NA,NA,NA
"12","Charlton Athletic",7,1,1,1,9,14,12,7,11,13,19,NA,NA,NA,NA,NA,NA,NA,NA,NA,NA,NA,NA,NA
"13","Southampton",5,1,1,0,10,11,8,12,20,NA,NA,NA,NA,NA,NA,NA,NA,NA,NA,NA,NA,NA,NA,NA
"14","Southampton",8,0,2,1,14,8,7,6,8,17,16,11,NA,NA,NA,NA,NA,NA,NA,NA,NA,NA,NA,NA
"15","Newcastle United",9,1,1,0,11,4,3,5,14,7,13,12,18,NA,NA,NA,NA,NA,NA,NA,NA,NA,NA,NA
"16","Newcastle United",6,1,2,1,12,5,16,10,15,18,NA,NA,NA,NA,NA,NA,NA,NA,NA,NA,NA,NA,NA,NA
"17","Newcastle United",3,0,3,1,10,13,13,NA,NA,NA,NA,NA,NA,NA,NA,NA,NA,NA,NA,NA,NA,NA,NA,NA
"18","Tottenham Hotspur",20,0,1,0,12,9,10,14,9,5,5,11,8,4,5,4,5,6,5,3,2,3,4,6
"19","Leicester City",2,1,1,0,13,20,NA,NA,NA,NA,NA,NA,NA,NA,NA,NA,NA,NA,NA,NA,NA,NA,NA,NA
"20","Leicester City",1,1,2,1,18,NA,NA,NA,NA,NA,NA,NA,NA,NA,NA,NA,NA,NA,NA,NA,NA,NA,NA,NA
"21","Leicester City",6,0,3,1,14,1,12,9,9,5,NA,NA,NA,NA,NA,NA,NA,NA,NA,NA,NA,NA,NA,NA
"22","Middlesbrough",9,1,1,0,14,12,11,11,7,14,12,13,19,NA,NA,NA,NA,NA,NA,NA,NA,NA,NA,NA
"23","Middlesbrough",1,1,2,1,19,NA,NA,NA,NA,NA,NA,NA,NA,NA,NA,NA,NA,NA,NA,NA,NA,NA,NA,NA
"24","West Ham United",3,1,1,0,15,7,18,NA,NA,NA,NA,NA,NA,NA,NA,NA,NA,NA,NA,NA,NA,NA,NA,NA
"25","West Ham United",6,1,2,1,9,15,10,9,17,20,NA,NA,NA,NA,NA,NA,NA,NA,NA,NA,NA,NA,NA,NA
"26","West Ham United",8,0,3,1,10,13,12,7,11,13,10,16,NA,NA,NA,NA,NA,NA,NA,NA,NA,NA,NA,NA
"27","Everton",20,0,1,0,16,15,7,17,4,11,6,5,5,8,7,7,6,5,11,11,7,8,8,12
"28","Derby County",2,1,1,0,17,19,NA,NA,NA,NA,NA,NA,NA,NA,NA,NA,NA,NA,NA,NA,NA,NA,NA,NA
"29","Derby County",1,1,2,1,20,NA,NA,NA,NA,NA,NA,NA,NA,NA,NA,NA,NA,NA,NA,NA,NA,NA,NA,NA
"30","Manchester City",1,1,1,1,18,NA,NA,NA,NA,NA,NA,NA,NA,NA,NA,NA,NA,NA,NA,NA,NA,NA,NA,NA
"31","Manchester City",18,0,2,1,9,16,8,15,14,9,10,5,3,1,2,1,2,4,3,1,1,2,NA,NA
"32","Coventry City",1,1,1,0,19,NA,NA,NA,NA,NA,NA,NA,NA,NA,NA,NA,NA,NA,NA,NA,NA,NA,NA,NA
"33","Bradford City",1,1,1,0,20,NA,NA,NA,NA,NA,NA,NA,NA,NA,NA,NA,NA,NA,NA,NA,NA,NA,NA,NA
"34","Blackburn Rovers",11,1,1,1,10,6,15,15,6,10,7,15,10,15,19,NA,NA,NA,NA,NA,NA,NA,NA,NA
"35","Fulham",13,1,1,1,13,14,9,13,12,16,17,7,12,8,9,12,19,NA,NA,NA,NA,NA,NA,NA
"36","Fulham",1,1,2,1,19,NA,NA,NA,NA,NA,NA,NA,NA,NA,NA,NA,NA,NA,NA,NA,NA,NA,NA,NA
"37","Bolton Wanderers",11,1,1,1,16,17,8,6,8,7,16,13,14,14,18,NA,NA,NA,NA,NA,NA,NA,NA,NA
"38","Birmingham City",4,1,1,1,13,10,12,18,NA,NA,NA,NA,NA,NA,NA,NA,NA,NA,NA,NA,NA,NA,NA,NA
"39","Birmingham City",1,1,2,1,19,NA,NA,NA,NA,NA,NA,NA,NA,NA,NA,NA,NA,NA,NA,NA,NA,NA,NA,NA
"40","Birmingham City",2,1,3,1,9,18,NA,NA,NA,NA,NA,NA,NA,NA,NA,NA,NA,NA,NA,NA,NA,NA,NA,NA
"41","West Bromwich Albion",1,1,1,1,19,NA,NA,NA,NA,NA,NA,NA,NA,NA,NA,NA,NA,NA,NA,NA,NA,NA,NA,NA
"42","West Bromwich Albion",2,1,2,1,17,19,NA,NA,NA,NA,NA,NA,NA,NA,NA,NA,NA,NA,NA,NA,NA,NA,NA,NA
"43","West Bromwich Albion",1,1,3,1,20,NA,NA,NA,NA,NA,NA,NA,NA,NA,NA,NA,NA,NA,NA,NA,NA,NA,NA,NA
"44","West Bromwich Albion",8,1,4,1,11,10,8,17,13,14,10,20,NA,NA,NA,NA,NA,NA,NA,NA,NA,NA,NA,NA
"45","Portsmouth",7,1,1,1,13,16,17,9,8,14,20,NA,NA,NA,NA,NA,NA,NA,NA,NA,NA,NA,NA,NA
"46","Wolverhampton Wanderers",1,1,1,1,20,NA,NA,NA,NA,NA,NA,NA,NA,NA,NA,NA,NA,NA,NA,NA,NA,NA,NA,NA
"47","Wolverhampton Wanderers",3,1,2,1,15,17,20,NA,NA,NA,NA,NA,NA,NA,NA,NA,NA,NA,NA,NA,NA,NA,NA,NA
"48","Wolverhampton Wanderers",2,0,3,1,7,7,NA,NA,NA,NA,NA,NA,NA,NA,NA,NA,NA,NA,NA,NA,NA,NA,NA,NA
"49","Crystal Palace",1,1,1,1,18,NA,NA,NA,NA,NA,NA,NA,NA,NA,NA,NA,NA,NA,NA,NA,NA,NA,NA,NA
"50","Crystal Palace",7,0,2,1,11,10,15,14,11,12,14,NA,NA,NA,NA,NA,NA,NA,NA,NA,NA,NA,NA,NA
"51","Norwich City",1,1,1,1,19,NA,NA,NA,NA,NA,NA,NA,NA,NA,NA,NA,NA,NA,NA,NA,NA,NA,NA,NA
"52","Norwich City",3,1,2,1,12,11,18,NA,NA,NA,NA,NA,NA,NA,NA,NA,NA,NA,NA,NA,NA,NA,NA,NA
"53","Norwich City",1,1,3,1,19,NA,NA,NA,NA,NA,NA,NA,NA,NA,NA,NA,NA,NA,NA,NA,NA,NA,NA,NA
"54","Norwich City",1,1,4,1,20,NA,NA,NA,NA,NA,NA,NA,NA,NA,NA,NA,NA,NA,NA,NA,NA,NA,NA,NA
"55","Wigan Athletic",8,1,1,1,10,17,14,11,16,16,15,18,NA,NA,NA,NA,NA,NA,NA,NA,NA,NA,NA,NA
"56","Reading",2,1,1,1,8,18,NA,NA,NA,NA,NA,NA,NA,NA,NA,NA,NA,NA,NA,NA,NA,NA,NA,NA
"57","Reading",1,1,2,1,19,NA,NA,NA,NA,NA,NA,NA,NA,NA,NA,NA,NA,NA,NA,NA,NA,NA,NA,NA
"58","Sheffield United",1,1,1,1,18,NA,NA,NA,NA,NA,NA,NA,NA,NA,NA,NA,NA,NA,NA,NA,NA,NA,NA,NA
"59","Sheffield United",1,0,2,1,9,NA,NA,NA,NA,NA,NA,NA,NA,NA,NA,NA,NA,NA,NA,NA,NA,NA,NA,NA
"60","Watford",1,1,1,1,20,NA,NA,NA,NA,NA,NA,NA,NA,NA,NA,NA,NA,NA,NA,NA,NA,NA,NA,NA
"61","Watford",5,1,2,1,13,17,14,11,19,NA,NA,NA,NA,NA,NA,NA,NA,NA,NA,NA,NA,NA,NA,NA
"62","Stoke City",10,1,1,1,12,11,13,14,13,9,9,9,13,19,NA,NA,NA,NA,NA,NA,NA,NA,NA,NA
"63","Hull City",2,1,1,1,17,19,NA,NA,NA,NA,NA,NA,NA,NA,NA,NA,NA,NA,NA,NA,NA,NA,NA,NA
"64","Hull City",2,1,2,1,16,18,NA,NA,NA,NA,NA,NA,NA,NA,NA,NA,NA,NA,NA,NA,NA,NA,NA,NA
"65","Hull City",1,1,3,1,18,NA,NA,NA,NA,NA,NA,NA,NA,NA,NA,NA,NA,NA,NA,NA,NA,NA,NA,NA
"66","Burnley",1,1,1,1,18,NA,NA,NA,NA,NA,NA,NA,NA,NA,NA,NA,NA,NA,NA,NA,NA,NA,NA,NA
"67","Burnley",1,1,2,1,19,NA,NA,NA,NA,NA,NA,NA,NA,NA,NA,NA,NA,NA,NA,NA,NA,NA,NA,NA
"68","Burnley",4,0,3,1,16,7,15,10,NA,NA,NA,NA,NA,NA,NA,NA,NA,NA,NA,NA,NA,NA,NA,NA
"69","Blackpool",1,1,1,1,19,NA,NA,NA,NA,NA,NA,NA,NA,NA,NA,NA,NA,NA,NA,NA,NA,NA,NA,NA
"70","Swansea City",7,1,1,1,11,9,12,8,12,15,18,NA,NA,NA,NA,NA,NA,NA,NA,NA,NA,NA,NA,NA
"71","Queens Park Rangers",2,1,1,1,17,20,NA,NA,NA,NA,NA,NA,NA,NA,NA,NA,NA,NA,NA,NA,NA,NA,NA,NA
"72","Queens Park Rangers",1,1,2,1,20,NA,NA,NA,NA,NA,NA,NA,NA,NA,NA,NA,NA,NA,NA,NA,NA,NA,NA,NA
"73","Cardiff City",1,1,1,1,20,NA,NA,NA,NA,NA,NA,NA,NA,NA,NA,NA,NA,NA,NA,NA,NA,NA,NA,NA
"74","Cardiff City",1,1,2,1,18,NA,NA,NA,NA,NA,NA,NA,NA,NA,NA,NA,NA,NA,NA,NA,NA,NA,NA,NA
"75","AFC Bournemouth",5,1,1,1,16,9,12,14,18,NA,NA,NA,NA,NA,NA,NA,NA,NA,NA,NA,NA,NA,NA,NA
"76","Brighton & Hove Albion",3,0,1,1,15,17,15,NA,NA,NA,NA,NA,NA,NA,NA,NA,NA,NA,NA,NA,NA,NA,NA,NA
"77","Huddersfield Town",2,1,1,1,16,20,NA,NA,NA,NA,NA,NA,NA,NA,NA,NA,NA,NA,NA,NA,NA,NA,NA,NA
